NetScoreOverall,NetScore1to20,Netscore21to40,Netscore41to60,Netscore61to80,Netscore81toend
56.000000,-2.000000,14.000000,14.000000,14.000000,16.000000
